insert into talento (nombre, correo, contrasena, capacidades, actividadProfesional, lugar, costoHora, disponibilidadHoraInicio, disponibilidadHoraFin) VALUES ("Juan Jose", "pereira23@gmail.com", "alepa123", "Bases de Datos, Git", "Oracle", "Sonora", 25, 10, 20);
insert into talento (nombre, correo, contrasena, capacidades, actividadProfesional, lugar, costoHora, disponibilidadHoraInicio, disponibilidadHoraFin) VALUES ("Fernanda", "ferneina@hotmail.com", "tirita12.e3", "Desarrollador Web Backend, Git", "Freelance", "CDMX", 20, 8, 20);
insert into talento (nombre, correo, contrasena, capacidades, actividadProfesional, lugar, costoHora, disponibilidadHoraInicio, disponibilidadHoraFin) VALUES ("Marcos", "m.acost@t-systems.com", "a1.cat2", "Desarrollador Backend", "T-Systems, Google", "Veracruz", 28, 8, 18);
insert into talento (nombre, correo, contrasena, capacidades, actividadProfesional, lugar, costoHora, disponibilidadHoraInicio, disponibilidadHoraFin) VALUES ("Javier", "j.torbz@t-systems.com", "coro56.32", "HTML, CSS, Javascript, Ruby", "T-Systems", "CDMX", 24, 12, 22);
insert into talento (nombre, correo, contrasena, capacidades, actividadProfesional, lugar, costoHora, disponibilidadHoraInicio, disponibilidadHoraFin) VALUES ("Maria Jose", "meriyein@gmail.com", "dilga.12345", "HTML, CSS, Javascript", "Freelance", "Puebla", 19, 6, 20);
insert into talento (nombre, correo, contrasena, capacidades, actividadProfesional, lugar, costoHora, disponibilidadHoraInicio, disponibilidadHoraFin) VALUES ("Jennifer", "jenmtz1997@gmail.com", "a45.T45l", "Bases de Datos, Javascript", "Google, Polyworks", "Baja California", 26, 10, 21);
insert into talento (nombre, correo, contrasena, capacidades, actividadProfesional, lugar, costoHora, disponibilidadHoraInicio, disponibilidadHoraFin) VALUES ("Rosa", "risa_ter@hotmail.com", "rosario.24Klm1", "Desarrollador de Apps, Python, Git", "Freelance", "Tabasco", 21, 7, 18);
insert into talento (nombre, correo, contrasena, capacidades, actividadProfesional, lugar, costoHora, disponibilidadHoraInicio, disponibilidadHoraFin) VALUES ("Joaquin", "jarjart@gmail.com", "a@98.0.jum", "Bases de Datos, Desarrollador de Apps iOS", "Microsoft, Sony", "Jalisco", 20, 11, 19);
insert into talento (nombre, correo, contrasena, capacidades, actividadProfesional, lugar, costoHora, disponibilidadHoraInicio, disponibilidadHoraFin) VALUES ("Luis Angel", "langel.2000@gmail.com", "t.w@20.aert34", "Desarrollador Web Frontend, Git", "Freelance", "Nuevo Leon", 29, 6, 16);
insert into talento (nombre, correo, contrasena, capacidades, actividadProfesional, lugar, costoHora, disponibilidadHoraInicio, disponibilidadHoraFin) VALUES ("Hector", "hct.1990@gmail.com", "optimusprime6598", "Programador de Sistemas Embebidos, HTML, CSS", "Volkswagen", "CDMX", 27, 12, 19);


insert into cazador (nombre, correo, contrasena, lugar) VALUES ("Pedro", "pedro.solamx@gmail.com", "trineo1241", "Puebla");
insert into cazador (nombre, correo, contrasena, lugar) VALUES ("Martha", "m.gerides@outlook.com", "@contrasena12", "Quintana Roo");
insert into cazador (nombre, correo, contrasena, lugar) VALUES ("Rosalinda", "343.Industries@gmail.com", "ht.3456GR", "Jalisco");
insert into cazador (nombre, correo, contrasena, lugar) VALUES ("Adrian", "hergz.adrian@gporres.mx", "p12A98tw", "CDMX");
insert into cazador (nombre, correo, contrasena, lugar) VALUES ("Mariano", "marpol@next.com.mx", "alejos.9809", "Puebla");
insert into cazador (nombre, correo, contrasena, lugar) VALUES ("Ruben", "retcon0569@outlook.com", "talmfdAW3012", "Nuevo Leon");
insert into cazador (nombre, correo, contrasena, lugar) VALUES ("Mariana", "jquery@gmail.com", "hielaC0R346", "CDMX");
insert into cazador (nombre, correo, contrasena, lugar) VALUES ("Gabriela", "freelancecompany@gmail.com", ".aT5e2Fg", "Veracruz");
insert into cazador (nombre, correo, contrasena, lugar) VALUES ("Daniela", "seguridadTovar@gmail.com", "python09856", "Tlaxcala");
insert into cazador (nombre, correo, contrasena, lugar) VALUES ("Gerardo", "ai.systems@hotmail.com", "123odioloslunes456", "Oaxaca");


insert into proyecto (cazador, talento, nombre, tipo, vacantes, descripcion) VALUES (1, 10, "Tienda de Pasteleria Pepita", "Desarrollo Web", 2, "Creacion de una tienda en linea.");
insert into proyecto (cazador, talento, nombre, tipo, vacantes, descripcion) VALUES (2, 4, "Nueva App - Trelawny", "Desarrollo Móvil", 3, "Creacion de una app de telefono.");
insert into proyecto (cazador, talento, nombre, tipo, vacantes, descripcion) VALUES (3, 1, "Nueva App -  Mark-it", "Desarrollo Móvil", 2, "Creacion de una app para el telefono");
insert into proyecto (cazador, talento, nombre, tipo, vacantes, descripcion) VALUES (4, 5, "Base de Datos de Protea", "Base de Datos", 3, "Creacion de un SGBD MySQL.");
insert into proyecto (cazador, talento, nombre, tipo, vacantes, descripcion) VALUES (5, 2, "Netscout - Trabajo temporal", "Seguridad Informática", 5, "Se busca un experto en AES.");
insert into proyecto (cazador, talento, nombre, tipo, vacantes, descripcion) VALUES (6, 8, "Neopets - Nuevo Inicio", "Desarrollo Web", 1, "Creacion de una página web.");
insert into proyecto (cazador, talento, nombre, tipo, vacantes, descripcion) VALUES (7, 7, "Garuda - Pagina Web", "Desarrollo Web", 1, "Creacion de una página web.");
insert into proyecto (cazador, talento, nombre, tipo, vacantes, descripcion) VALUES (8, 3, "Count-it - Estudio de aglomeraciones", "Ciencia de Datos", 1, "Creación de un sistema para conteo de aglomeraciones.");
insert into proyecto (cazador, talento, nombre, tipo, vacantes, descripcion) VALUES (9, 6, "iText - Desarrollo iOS", "Desarrollo Móvil", 3, "Mantenimiento de una aplicacion movil iOS.");
insert into proyecto (cazador, talento, nombre, tipo, vacantes, descripcion) VALUES (10, 9, "MarianaDB - Rediseno de base de datos", "Base de Datos", 2, "Rediseno de una base de datos centralizada.");


insert into contrato (cazador, talento, idProyecto, horasPago, puntosContrato) VALUES (1, 10, 1, 20, 3);
insert into contrato (cazador, talento, idProyecto, horasPago, puntosContrato) VALUES (2, 4, 2, 25, 10);
insert into contrato (cazador, talento, idProyecto, horasPago, puntosContrato) VALUES (3, 1, 3, 23, 9);
insert into contrato (cazador, talento, idProyecto, horasPago, puntosContrato) VALUES (4, 5, 4, 26, 12);
insert into contrato (cazador, talento, idProyecto, horasPago, puntosContrato) VALUES (5, 2, 5, 22, 6);
insert into contrato (cazador, talento, idProyecto, horasPago, puntosContrato) VALUES (6, 8, 6, 18, 4);
insert into contrato (cazador, talento, idProyecto, horasPago, puntosContrato) VALUES (7, 7, 7, 21, 8);
insert into contrato (cazador, talento, idProyecto, horasPago, puntosContrato) VALUES (8, 3, 8, 28, 11);
insert into contrato (cazador, talento, idProyecto, horasPago, puntosContrato) VALUES (9, 6, 9, 23, 8);
insert into contrato (cazador, talento, idProyecto, horasPago, puntosContrato) VALUES (10, 9, 10, 26, 7);