insert into talento (nombre, correo, contrasena, capacidades, actividadProfesional, lugar, costoHora, disponibilidadHoraInicio, disponibilidadHoraFin) VALUES ("Juan Jose", "pereira23@gmail.com", "alepa123", "Bases de Datos, Git", "Oracle", "Sonora", 25, 10, 20);
insert into talento (nombre, correo, contrasena, capacidades, actividadProfesional, lugar, costoHora, disponibilidadHoraInicio, disponibilidadHoraFin) VALUES ("Fernanda", "ferneina@hotmail.com", "tirita12.e3", "Desarrollador Web Backend, Git", "Freelance", "CDMX", 20, 8, 20);
insert into talento (nombre, correo, contrasena, capacidades, actividadProfesional, lugar, costoHora, disponibilidadHoraInicio, disponibilidadHoraFin) VALUES ("Marcos", "m.acost@t-systems.com", "a1.cat2", "Desarrollador Backend", "T-Systems, Google", "Veracruz", 28, 8, 18);
insert into talento (nombre, correo, contrasena, capacidades, actividadProfesional, lugar, costoHora, disponibilidadHoraInicio, disponibilidadHoraFin) VALUES ("Javier", "j.torbz@t-systems.com", "coro56.32", "HTML, CSS, Javascript, Ruby", "T-Systems", "CDMX", 24, 12, 22);
insert into talento (nombre, correo, contrasena, capacidades, actividadProfesional, lugar, costoHora, disponibilidadHoraInicio, disponibilidadHoraFin) VALUES ("Maria Jose", "meriyein@gmail.com", "dilga.12345", "HTML, CSS, Javascript", "Freelance", "Puebla", 19, 6, 20);
insert into talento (nombre, correo, contrasena, capacidades, actividadProfesional, lugar, costoHora, disponibilidadHoraInicio, disponibilidadHoraFin) VALUES ("Jennifer", "jenmtz1997@gmail.com", "a45.T45l", "Bases de Datos, Javascript", "Google, Polyworks", "Baja California", 26, 10, 21);
insert into talento (nombre, correo, contrasena, capacidades, actividadProfesional, lugar, costoHora, disponibilidadHoraInicio, disponibilidadHoraFin) VALUES ("Rosa", "risa_ter@hotmail.com", "rosario.24Klm1", "Desarrollador de Apps, Python, Git", "Freelance", "Tabasco", 21, 7, 18);
insert into talento (nombre, correo, contrasena, capacidades, actividadProfesional, lugar, costoHora, disponibilidadHoraInicio, disponibilidadHoraFin) VALUES ("Joaquin", "jarjart@gmail.com", "a@98.0.jum", "Bases de Datos, Desarrollador de Apps iOS", "Microsoft, Sony", "Jalisco", 20, 11, 19);
insert into talento (nombre, correo, contrasena, capacidades, actividadProfesional, lugar, costoHora, disponibilidadHoraInicio, disponibilidadHoraFin) VALUES ("Luis Angel", "langel.2000@gmail.com", "t.w@20.aert34", "Desarrollador Web Frontend, Git", "Freelance", "Nuevo Leon", 29, 6, 16);
insert into talento (nombre, correo, contrasena, capacidades, actividadProfesional, lugar, costoHora, disponibilidadHoraInicio, disponibilidadHoraFin) VALUES ("Hector", "hct.1990@gmail.com", "optimusprime6598", "Programador de Sistemas Embebidos, HTML, CSS", "Volkswagen", "CDMX", 27, 12, 19);
insert into talento (nombre, correo, contrasena, capacidades, actividadProfesional, lugar, costoHora, disponibilidadHoraInicio, disponibilidadHoraFin) VALUES ("Gustavo", "grua.1234@outlook.com", "core12.87@f", "Bases de Datos, Git, Ruby on Rails", "Freelance", "Baja California", 22, 12, 24);

insert into cazador (nombre, correo, contrasena, lugar, estrellas) VALUES ("Pedro", "pedro.solamx@gmail.com", "trineo1241", "Puebla", 4);
insert into cazador (nombre, correo, contrasena, lugar, estrellas) VALUES ("Martha", "m.gerides@outlook.com", "@contrasena12", "Quintana Roo", 5);
insert into cazador (nombre, correo, contrasena, lugar, estrellas) VALUES ("Rosalinda", "343.Industries@gmail.com", "ht.3456GR", "Jalisco", 3);
insert into cazador (nombre, correo, contrasena, lugar, estrellas) VALUES ("Adrian", "hergz.adrian@gporres.mx", "p12A98tw", "CDMX", 5);
insert into cazador (nombre, correo, contrasena, lugar, estrellas) VALUES ("Mariano", "marpol@next.com.mx", "alejos.9809", "Puebla", 4);
insert into cazador (nombre, correo, contrasena, lugar, estrellas) VALUES ("Ruben", "retcon0569@outlook.com", "talmfdAW3012", "Nuevo Leon", 4);
insert into cazador (nombre, correo, contrasena, lugar, estrellas) VALUES ("Mariana", "jquery@gmail.com", "hielaC0R346", "CDMX", 1);
insert into cazador (nombre, correo, contrasena, lugar, estrellas) VALUES ("Gabriela", "freelancecompany@gmail.com", ".aT5e2Fg", "Veracruz", 5);
insert into cazador (nombre, correo, contrasena, lugar, estrellas) VALUES ("Daniela", "seguridadTovar@gmail.com", "python09856", "Tlaxcala", 2);
insert into cazador (nombre, correo, contrasena, lugar, estrellas) VALUES ("Gerardo", "ai.systems@hotmail.com", "123odioloslunes456", "Oaxaca", 3);


insert into proyecto (cazador, nombre, tipo, vacantes, descripcion) VALUES (1, "Tienda de Pasteleria Pepita", "Desarrollo Web", 5, "Creacion de una tienda en linea.");
insert into proyecto (cazador, nombre, tipo, vacantes, descripcion) VALUES (2, "Nueva App - Trelawny", "Desarrollo Móvil", 2, "Creacion de una app de telefono.");
insert into proyecto (cazador, nombre, tipo, vacantes, descripcion) VALUES (3, "Nueva App -  Mark-it", "Desarrollo Móvil", 2, "Creacion de una app para el telefono");
insert into proyecto (cazador, nombre, tipo, vacantes, descripcion) VALUES (4, "Bases de Datos de Protea", "Bases de Datos", 1, "Creacion de un SGBD MySQL.");
insert into proyecto (cazador, nombre, tipo, vacantes, descripcion) VALUES (5, "Netscout - Trabajo temporal", "Seguridad Informática", 2, "Se busca un experto en AES.");
insert into proyecto (cazador, nombre, tipo, vacantes, descripcion) VALUES (6, "Neopets - Nuevo Inicio", "Desarrollo Web", 1, "Creacion de una página web.");
insert into proyecto (cazador, nombre, tipo, vacantes, descripcion) VALUES (7, "Garuda - Pagina Web", "Desarrollo Web", 1, "Creacion de una página web.");
insert into proyecto (cazador, nombre, tipo, vacantes, descripcion) VALUES (8, "Count-it - Estudio de aglomeraciones", "Ciencia de Datos", 1, "Creación de un sistema para conteo de aglomeraciones.");
insert into proyecto (cazador, nombre, tipo, vacantes, descripcion) VALUES (9, "iText - Desarrollo iOS", "Desarrollo Móvil", 1, "Mantenimiento de una aplicacion movil iOS.");
insert into proyecto (cazador, nombre, tipo, vacantes, descripcion) VALUES (10, "MarianaDB - Rediseno de Bases de datos", "Bases de Datos", 3, "Rediseno de una Bases de datos centralizada.");
insert into proyecto (cazador, nombre, tipo, vacantes, descripcion) VALUES (11, "BlueBoard", "Seguridad Informática", 4, "Seguridad necesaria para plataforma BlueBoard.");

insert into solicitudes (talento, cazador, idProyecto) VALUES (1, 1, 11);
insert into solicitudes (talento, cazador, idProyecto) VALUES (2, 1, 1);
insert into solicitudes (talento, cazador, idProyecto) VALUES (10, 1, 1);
insert into solicitudes (talento, cazador, idProyecto) VALUES (4, 1, 11);
insert into solicitudes (talento, cazador, idProyecto) VALUES (7, 6, 6);
insert into solicitudes (talento, cazador, idProyecto) VALUES (7, 9, 9);

insert into contrato (talento, idProyecto, horasPago, puntosContrato, estrellasObtenidasTalento, estrellasObtenidasCazador, statusContrato) VALUES (1, 1, 26, 12, 5, 4, "Terminado");
insert into contrato (talento, idProyecto, horasPago, puntosContrato, estrellasObtenidasTalento, estrellasObtenidasCazador, statusContrato) VALUES (1, 3, 23, 9, 4, 4, "Terminado");
insert into contrato (talento, idProyecto, horasPago, puntosContrato, estrellasObtenidasTalento, estrellasObtenidasCazador, statusContrato) VALUES (2, 5, 22, 6, 4, 2, "Terminado");
insert into contrato (talento, idProyecto, horasPago, puntosContrato, estrellasObtenidasTalento, estrellasObtenidasCazador) VALUES (3, 8, 28, 11, 1, 4);
insert into contrato (talento, idProyecto, horasPago, puntosContrato, estrellasObtenidasTalento, estrellasObtenidasCazador, statusContrato) VALUES (3, 10, 26, 7, 5, 4, "Terminado");
insert into contrato (talento, idProyecto, horasPago, puntosContrato, estrellasObtenidasTalento, estrellasObtenidasCazador, statusContrato) VALUES (4, 2, 25, 10, 3, 5, "Terminado");
insert into contrato (talento, idProyecto, horasPago, puntosContrato, estrellasObtenidasTalento, estrellasObtenidasCazador, statusContrato) VALUES (4, 3, 25, 10, 5, 5, "Terminado");
insert into contrato (talento, idProyecto, horasPago, puntosContrato, estrellasObtenidasTalento, estrellasObtenidasCazador) VALUES (4, 5, 25, 10, 4, 5);
insert into contrato (talento, idProyecto, horasPago, puntosContrato, estrellasObtenidasTalento, estrellasObtenidasCazador, statusContrato) VALUES (5, 1, 26, 12, 3, 2, "Terminado");
insert into contrato (talento, idProyecto, horasPago, puntosContrato, estrellasObtenidasTalento, estrellasObtenidasCazador) VALUES (5, 2, 26, 12, 4, 3);
insert into contrato (talento, idProyecto, horasPago, puntosContrato, estrellasObtenidasTalento, estrellasObtenidasCazador, statusContrato) VALUES (5, 4, 26, 12, 5, 3, "Terminado");
insert into contrato (talento, idProyecto, horasPago, puntosContrato, estrellasObtenidasTalento, estrellasObtenidasCazador, statusContrato) VALUES (5, 10, 26, 7, 3, 5, "Terminado");
insert into contrato (talento, idProyecto, horasPago, puntosContrato, estrellasObtenidasTalento, estrellasObtenidasCazador) VALUES (6, 9, 23, 8, 3, 4);
insert into contrato (talento, idProyecto, horasPago, puntosContrato, estrellasObtenidasTalento, estrellasObtenidasCazador) VALUES (8, 6, 18, 4, 5, 5);
insert into contrato (talento, idProyecto, horasPago, puntosContrato, estrellasObtenidasTalento, estrellasObtenidasCazador) VALUES (9, 1, 26, 12, 3, 5);
insert into contrato (talento, idProyecto, horasPago, puntosContrato, estrellasObtenidasTalento, estrellasObtenidasCazador, statusContrato) VALUES (9, 10, 26, 7, 2, 3, "Terminado");



insert into vacante (proyecto, talento) VALUES (1, 1);
insert into vacante (proyecto, talento) VALUES (1, 9);
insert into vacante (proyecto, talento) VALUES (1, null);
insert into vacante (proyecto, talento) VALUES (1, null);
insert into vacante (proyecto, talento) VALUES (1, 5);
insert into vacante (proyecto, talento) VALUES (2, 4);
insert into vacante (proyecto, talento) VALUES (2, 5);
insert into vacante (proyecto, talento) VALUES (3, 4);
insert into vacante (proyecto, talento) VALUES (3, 1);
insert into vacante (proyecto, talento) VALUES (4, 5);
insert into vacante (proyecto, talento) VALUES (5, 4);
insert into vacante (proyecto, talento) VALUES (5, 2);
insert into vacante (proyecto, talento) VALUES (6, 8);
insert into vacante (proyecto, talento) VALUES (7, null);
insert into vacante (proyecto, talento) VALUES (8, 3);
insert into vacante (proyecto, talento) VALUES (9, 6);
insert into vacante (proyecto, talento) VALUES (10, 9);
insert into vacante (proyecto, talento) VALUES (10, 3);
insert into vacante (proyecto, talento) VALUES (10, 5);
insert into vacante (proyecto, talento) VALUES (11, null);
insert into vacante (proyecto, talento) VALUES (11, null);
insert into vacante (proyecto, talento) VALUES (11, null);
insert into vacante (proyecto, talento) VALUES (11, null);
